[
    {
        "id": 72,
        "nombre": "Osimhen",
        "direccion": "0",
        "cargo": "Estrella",
        "edad": 23,
        "imagen": "https:\/\/img.a.transfermarkt.technology\/portrait\/header\/401923-1661352899.jpg?lm=1"
    },
    {
        "id": 4,
        "nombre": "CR7",
        "direccion": "5, CHAMPIONS, NY",
        "cargo": "El mejor futbolista de todos los tiempo",
        "edad": 39,
        "imagen": "https://img.uefa.com/imgml/TP/players/3/2024/cutoff/63706.png"
    },
    {
        "id": 6,
        "nombre": "Pedro S",
        "direccion": "antonio concha, 82",
        "cargo": "Analista",
        "edad": 45,
        "imagen": "https:\/\/randomuser.me\/api\/portraits\/men\/44.jpg"
    },
    {
        "id": 7,
        "nombre": "Luismi Alcalde",
        "direccion": "San Pedro, 4",
        "cargo": "Alcalde",
        "edad": 34,
        "imagen": "https:\/\/randomuser.me\/api\/portraits\/men\/53.jpg"
    },
    {
        "id": 5,
        "nombre": "Conor Mcgregor",
        "direccion": "Sal Sipuedes, 3",
        "cargo": "CEO",
        "edad": 35,
        "imagen": "https:\/\/randomuser.me\/api\/portraits\/men\/40.jpg"
    },
    {
        "id": 3,
        "nombre": "Hamza",
        "direccion": "Moralo,747",
        "cargo": "Manager",
        "edad": 23,
        "imagen": "https:\/\/randomuser.me\/api\/portraits\/men\/39.jpg"
    },
    {
        "id": 42,
        "nombre": "Luismi Alcalde",
        "direccion": "San Pedro, 4",
        "cargo": "Alcalde",
        "edad": 22,
        "imagen": "https:\/\/randomuser.me\/api\/portraits\/men\/43.jpg"
    },
    {
        "id": 71,
        "nombre": "John Smith",
        "direccion": "384 Flynn Street Strongsville, OH 44136",
        "cargo": "Techbical Assistance",
        "edad": 21,
        "imagen": "https:\/\/randomuser.me\/api\/portraits\/men\/43.jpg"
    },
    {
        "id": 80,
        "nombre": "John Smith",
        "direccion": "256, Olive Street, NY",
        "cargo": "Analista",
        "edad": 21,
        "imagen": "https:\/\/randomuser.me\/api\/portraits\/men\/42.jpg"
    },
    {
        "id": 300,
        "nombre": "John Smith",
        "direccion": "256, Olive Street, NY",
        "cargo": "Techbical Assistance",
        "edad": 21,
        "imagen": "https:\/\/randomuser.me\/api\/portraits\/men\/42.jpg"
    },
    {
        "id": 12,
        "nombre": "John Smith",
        "direccion": "256, Olive Street, NY",
        "cargo": "Techbical Assistance",
        "edad": 20,
        "imagen": "https:\/\/randomuser.me\/api\/portraits\/men\/39.jpg"
    },
    {
        "id": 107,
        "nombre": "paco",
        "direccion": "San Pedro, 4",
        "cargo": "Alcalde",
        "edad": 30,
        "imagen": "https:\/\/randomuser.me\/api\/portraits\/men\/53.jpg"
    },
    {
        "id": 180,
        "nombre": "Luismi Alcalde",
        "direccion": "san antonio,4",
        "cargo": "CEO",
        "edad": 110,
        "imagen": "https:\/\/randomuser.me\/api\/portraits\/men\/53.jpg"
    },
    {
        "id": 41,
        "nombre": "John Smith",
        "direccion": "Sal Sipuedes, 3",
        "cargo": "Analista",
        "edad": 39,
        "imagen": "https:\/\/randomuser.me\/api\/portraits\/men\/40.jpg"
    },
    {
        "id": 101,
        "nombre": "John Smith",
        "direccion": "San Pedro, 4",
        "cargo": "Alcalde",
        "edad": 24,
        "imagen": "https:\/\/randomuser.me\/api\/portraits\/men\/53.jpg"
    },
    {
        "id": 39,
        "nombre": "paco",
        "direccion": "san antonio,4",
        "cargo": "developper",
        "edad": 44,
        "imagen": "https:\/\/randomuser.me\/api\/portraits\/men\/71.jpg"
    },
    {
        "id": 63,
        "nombre": "paco",
        "direccion": "san antonio,4",
        "cargo": "developper",
        "edad": 44,
        "imagen": "https:\/\/randomuser.me\/api\/portraits\/men\/44.jpg"
    },
    {
        "id": 154,
        "nombre": "paco",
        "direccion": "san antonio,4",
        "cargo": "developper",
        "edad": 44,
        "imagen": "https:\/\/randomuser.me\/api\/portraits\/men\/71.jpg"
    },
    {
        "id": 206,
        "nombre": "paco",
        "direccion": "san antonio,4",
        "cargo": "developper",
        "edad": 44,
        "imagen": "https:\/\/randomuser.me\/api\/portraits\/men\/71.jpg"
    },
    {
        "id": 246,
        "nombre": "paco",
        "direccion": "san antonio,4",
        "cargo": "developper",
        "edad": 44,
        "imagen": "https:\/\/randomuser.me\/api\/portraits\/men\/71.jpg"
    },
    {
        "id": 224,
        "nombre": "John Smith",
        "direccion": "384 Flynn Street Strongsville, OH 44136",
        "cargo": "Techbical Assistance",
        "edad": 20,
        "imagen": "https:\/\/randomuser.me\/api\/portraits\/men\/71.jpg"
    },
    {
        "id": 294,
        "nombre": "Mark Boucher",
        "direccion": "San Pedro, 4",
        "cargo": "Analista",
        "edad": 22,
        "imagen": "https:\/\/randomuser.me\/api\/portraits\/men\/71.jpg"
    },
    {
        "id": 46,
        "nombre": "Luismi Alcalde",
        "direccion": "256, Olive Street, NY",
        "cargo": "Analista",
        "edad": 44,
        "imagen": "https:\/\/randomuser.me\/api\/portraits\/men\/42.jpg"
    }
]
