[
    {
        "id": "1",
        "imagen": "https:\/\/images.unsplash.com\/photo-1638292596909-5174a9f6ec11?ixlib=rb-1.2.1&ixid=MnwxMjA3fDB8MHxwaG90by1wYWdlfHx8fGVufDB8fHx8&auto=format&fit=crop&w=1548&q=80",
        "texto": "Cataratas Islandia",
        "subtexto": "Tomas Malikc",
        "activo": "1"
    },
    {
        "id": "2",
        "imagen": "https:\/\/images.unsplash.com\/photo-1581549072287-436a6fe3880f?ixlib=rb-1.2.1&ixid=MnwxMjA3fDB8MHxwaG90by1wYWdlfHx8fGVufDB8fHx8&auto=format&fit=crop&w=1567&q=80",
        "texto": "paris",
        "subtexto": "Zoltan Tasi",
        "activo": "1"
    },
    {
        "id": "3",
        "imagen": "https:\/\/images.unsplash.com\/photo-1638140481609-ec648a2edbea?ixlib=rb-1.2.1&ixid=MnwxMjA3fDB8MHxwaG90by1wYWdlfHx8fGVufDB8fHx8&auto=format&fit=crop&w=1760&q=80",
        "texto": "Fiordo Noruego",
        "subtexto": "Tomas Man",
        "activo": "1"
    },
    {
        "id": "4",
        "imagen": "https:\/\/images.unsplash.com\/photo-1574518685771-00649e8ba33c?ixlib=rb-1.2.1&ixid=MnwxMjA3fDB8MHxwaG90by1wYWdlfHx8fGVufDB8fHx8&auto=format&fit=crop&w=1170&q=80",
        "texto": "Lago Finlandia",
        "subtexto": "Mika Tao",
        "activo": "1"
    },
    {
        "id": "5",
        "imagen": "https:\/\/images.unsplash.com\/photo-1614413203780-e851bb421c83?ixlib=rb-1.2.1&ixid=MnwxMjA3fDB8MHxwaG90by1wYWdlfHx8fGVufDB8fHx8&auto=format&fit=crop&w=1170&q=80",
        "texto": "Dolomitas italianos",
        "subtexto": "Petra Keylly",
        "activo": "1"
    },
    {
        "id": "6",
        "imagen": "https:\/\/images.unsplash.com\/photo-1572362830975-7fd07a1ffd32?ixlib=rb-1.2.1&ixid=MnwxMjA3fDB8MHxwaG90by1wYWdlfHx8fGVufDB8fHx8&auto=format&fit=crop&w=1170&q=80",
        "texto": "Alberta, Canada",
        "subtexto": "Jenny Terry",
        "activo": "1"
    },
    {
        "id": "7",
        "imagen": "https:\/\/images.unsplash.com\/photo-1614263070820-3acd89af3329?ixlib=rb-1.2.1&ixid=MnwxMjA3fDB8MHxwaG90by1wYWdlfHx8fGVufDB8fHx8&auto=format&fit=crop&w=1640&q=80",
        "texto": "Skafoog, Islandia",
        "subtexto": "Lola Nieto",
        "activo": "1"
    },
    {
        "id": "8",
        "imagen": "https:\/\/images.unsplash.com\/photo-1638201970932-b7e7b05c6c9d?ixlib=rb-1.2.1&ixid=MnwxMjA3fDB8MHxwaG90by1wYWdlfHx8fGVufDB8fHx8&auto=format&fit=crop&w=870&q=80",
        "texto": "Otono en Bozen",
        "subtexto": "Frank Butten",
        "activo": "1"
    },
    {
        "id": "9",
        "imagen": "https:\/\/images.unsplash.com\/photo-1638201970932-b7e7b05c6c9d?ixlib=rb-1.2.1&ixid=MnwxMjA3fDB8MHxwaG90by1wYWdlfHx8fGVufDB8fHx8&auto=format&fit=crop&w=870&q=80",
        "texto": "Otono en Bozen",
        "subtexto": "Frank Butten",
        "activo": "1"
    }
]